Dialog/AkramAndShards_1 @@ Widzę <color=#AB82FD>helisę</color> – i <color=#AB82FD>schody, którymi stąd wyjdziemy</color>.
Dialog/AkramAndShards_2 @@ Te <color=#AB82FD>asy</color> też by się nie zmarnowały. Podbij sobie poziom.
Dialog/AstronautGamblerArg_1 @@ Nie właź mi między mnie a to, do czego strzelam, Roswell. Chyba że chcesz sam oberwać.
Dialog/AstronautGamblerArg_2 @@ Wybacz, mówiłeś coś? Przez tę kopułę trudno usłyszeć idiotów.
Dialog/AstronautHopalongArg_1 @@ Te prymitywne bestie, z którymi walczymy. Skąd u ciebie ta fascynacja nimi? Uważasz je za równe sobie... intelektualnie?
Dialog/AstronautHopalongArg_2 @@ Ano, zwierzaki nigdy nie gadają chłopu takich przykrych rzeczy. Nie wiem, co tam siedzi w środku, panie, ale dobry z pana człowiek to nie jest.
Dialog/AstronautJailPals_1 @@ Mój gatunek źle znosi więzienia. Brakuje tam... bodźców intelektualnych.
Dialog/AstronautJudgeArg_1 @@ Odwaliłeś tam na dole niezłą samowolkę, kolego. Wielka szkoda by była, gdyby ta twoja kopuła pękła i zacząłbyś się rzucać jak ryba wyjęta z wody.
Dialog/AstronautJudgeArg_2 @@ Sprawdzę tylko mój miernik zagrożenia, Sędzio. O, proszę, pokazuje zero.
Dialog/AstronautMamaPanicArg_1 @@ Ilu Karzycieli zaraziłaś na ostatniej planecie? Wystarczy szacunkowo.
Dialog/AstronautMamaPanicArg_2 @@ Nie licząc ciebie? Zero.
Dialog/AstronautMistMinerArg_1 @@ Widziałem, jak tam na dole oberwałeś w skafander, Roz. W środku jesteś taki jak ja? Skafander tylko trzyma cię w kupie?
Dialog/AstronautMistMinerArg_2 @@ Nie jesteśmy do siebie w niczym podobni. I to mnie pociesza.
Dialog/AstronautPreachArg_1 @@ Roswell, tak sobie myślałam. Zbliżyliśmy się tam na dole, a teraz jesteśmy coraz bliżej. Też to czujesz?
Dialog/AstronautPreachArg_2 @@ Zbliżyliśmy się, żeby zabijać Karzycieli. Teraz się od siebie oddalmy.
Dialog/BackdoorIntro_1 @@ Chaste coś tu namieszał z przestrzenią. Ma te napędy kompresyjne, a przestrzeń tego nie lubi. Za dużo ściskania i wszędzie zaczynają wyskakiwać <color=#AB82FD>furtki</color>.
Dialog/Barrabas1_1 @@ Dzikie Bękarty. Już niedługo zabiję mojego tatkę, diabeł już zerka na zegarek.
Dialog/Barrabas1_2 @@ Ale nie myślcie, że będzie wam łatwiej. Jeszcze będziecie wspominać tamte czasy i myśleć: „Do jasnej cholery, co dzień była Gwiazdka Cruxa”.
Dialog/Barrabas2_1 @@ Znowu cholerny cyrk przyjechał do miasta, co? Dajcie mi wciągnąć portki. Muszę dotrzeć nowy karabin. Sukinsyn czysty jak łza, tak nie może być.
Dialog/Barrabas3_1 @@ Mówiłem wam, zmutowane gnojki, blaszane wieszaki i reszto hołoty, że nie chcę was na moich skałach. Ale nie słuchaliście. To teraz muszę zejść i powiedzieć wam to inaczej.
Dialog/Barrabas4_1 @@ Diabeł istnieje. I pokażę wam jego gębę.
Dialog/Barrabas5_1 @@ Nie gadam już z wami. Dobiorę się do tego, co macie w środku, i wam to pokażę.
Dialog/BarrabasIntro_1 @@ Wiadomość dla tych Dzikich Bękartów. Zejdę tam do was i wyrucham wszystkie wasze konie. A potem zobaczę, co dalej.
Dialog/BarrabasIntro_2 @@ Zdaje się, że z Biblią to on nie jest za pan brat.
Dialog/BarrabasIntro_3 @@ A Szatana nie ma w Biblii, panienko?
Dialog/BarrabasKilled_1 @@ Wiem, że myślicie, żeście mnie tam zakopali, ale mam układ z diabłem. Nie weźmie mnie, póki nie zagoni was wszystkich do siebie na dół.
Dialog/Bastard1AllReady_1 @@ Kaboom, Smoky, Rawhide i Kaznodzieja: jazda, ruszać się. Czas <color=#AB82FD>znaleźć tego bękarta</color>.
Dialog/Bastard1NoneReady_1 @@ Spieprzyliśmy to. Jeśli nikt z bandy, którą pamiętam, nie jest gotów do walki, musimy się cofnąć <color=#AB82FD>warpem</color> i podejść do tego inaczej. \n
Dialog/Bastard1PlanetStart_1 @@ Chaste trzyma tu na dole tego <color=#AB82FD>bękarta pod kluczem</color>. I to z wybranymi strażnikami.
Dialog/Bastard1PlanetStart_2 @@ Szczęście, że nas też wybrano. Ktoś, kto widzi, jak wygrywamy!
Dialog/Bastard1PlanetStart_3 @@ Witajcie, żałosne worki ch-słów! Przyszliście, d-słowa, w porze obiadu, a my podajemy gorący ołów i... i możecie ż-słowo do woli! \n
Dialog/Bastard1PlanetStart_4 @@ Lubimy tego bękarta.
Dialog/Bastard1Recovered_1 @@ Skąd pani wiedziała o mnie tam na dole? Było mi tak samotnie i strasznie, a ci ludzie…
Dialog/Bastard1Recovered_2 @@ Nasz statek jest magiczny. Usłyszał cię tu na dole, usłyszał twoje modlitwy, jest jak anioł.
Dialog/Bastard1Recovered_3 @@ Pani jest pijana? Daj łyka tego g-słowa. Nie żałuj Małemu Jebowi!
Dialog/Bastard1Recovered_4 @@ Daj spokój, Fletch. Nie chcę, żeby te cholerne kaczątka się do nas przywiązały czy coś. Jeszcze dwoje do zgarnięcia – ruszamy.
Dialog/Bastard1SomeReady_1 @@ No, nie wszyscy są gotowi, ale tutaj nie przyda się nikt poza <color=#AB82FD>Kaboomem</color>, <color=#AB82FD>Smokym</color>, <color=#AB82FD>Rawhide'em</color> i <color=#AB82FD>Kaznodzieją</color>.
Dialog/Bastard2AllReady_1 @@ <color=#AB82FD>Roswell</color>, <color=#AB82FD>Spike</color>, <color=#AB82FD>Sierżant</color> – wasza kolej.
Dialog/Bastard2AllReady_3 @@ Cholera – wygląda na to, że <color=#AB82FD>Sędzia</color> już tam jest. Może sam wpadł na ten sam plan.
Dialog/Bastard2AllReady_3a @@ Albo może kładzie tam ludzi do piachu. <color=#AB82FD>Zejdźcie na dół</color> i sprawdźcie.
Dialog/Bastard2NoneReady_1 @@ Pieprzyć to, nie jestem na to gotowy. Część moich organów to już nie organy.
Dialog/Bastard2NoneReady_2 @@ Ja też nie. Właściwie nikt z nas. Może trzeba będzie <color=#AB82FD>cofnąć się warpem i spróbować jeszcze raz</color>.
Dialog/Bastard2Recovered_1 @@ Psiakrew! Wy obce sukinsyny! Przerwaliście mi lekcję tortur! Miałem torturować całą kupę ludzi, a teraz nikt nie dostanie żadnych tortur!
Dialog/Bastard2Recovered_1a @@ Mój tatko po mnie przyjdzie, a potem rozłupie ten statek jak orzech razem z wami, szóstakami, blaszakami i czymkolwiek, do diabła, jesteście!
Dialog/Bastard2Recovered_2 @@ Ale z ciebie brzoskwinka. Billy, chyba mamy tu gdzieś taśmę.
Dialog/Bastard2Recovered_3 @@ Zostało już tylko jedno. I niech ktoś da temu cholernemu smarkaczowi lusterko.
Dialog/Bastard2Sector_0 @@ Nie są z mojego nasienia. A nawet gdyby byli, co ci, do cholery, do nich?
Dialog/Bastard2Sector_1 @@ Brzmi, jakbyśmy robili coś dobrze. Kto teraz, psze pani?
Dialog/Bastard2Sector_2 @@ Ty.
Dialog/Bastard2Sector_3 @@ Najwyższy czas. Załatwię to sam, zaoszczędzę wszystkim czasu.
Dialog/Bastard2Sector_4 @@ <color=#AB82FD>Roswell</color> i <color=#AB82FD>Spike</color> mogą pomóc. Posłałabym też <color=#AB82FD>Sędziego</color> – <color=#AB82FD>gdyby tu był</color>.
Dialog/Bastard2Sector_5 @@ Jak mówiłem – sam. Wycierać im te cholerne nosy.
Dialog/Bastard2SomeReady_1 @@ Wiem, że nie wszyscy są gotowi, ale pamiętajcie: nikt, kto nie nazywa się <color=#AB82FD>Sierżant</color>, <color=#AB82FD>Roswell</color> albo <color=#AB82FD>Spike</color>, tu nie pomoże. Tylko byście wszystko spieprzyli.
Dialog/Bastard2SomeReady_2 @@ A, i może dostaniecie pomoc. Wygląda na to, że <color=#AB82FD>Sędzia już tam jest</color>. Może sam wpadł na ten sam plan. Albo może kładzie tam ludzi do piachu. Zejdźcie i sprawdźcie.
Dialog/Bastard3AllReady_1 @@ <color=#AB82FD>Hopalong</color>, <color=#AB82FD>Billy</color>, wasza kolej. Rzecz w tym, że naprawdę potrzebujemy też <color=#AB82FD>Rosy</color> i <color=#AB82FD>Casino</color>.
Dialog/Bastard3AllReady_2 @@ Nie jeżdżę ze zdrajcami.
Dialog/Bastard3AllReady_3 @@ Zdrajcami? Jak dla mnie tylko oni myśleli tu strategicznie.
Dialog/Bastard3AllReady_4 @@ Ich strategia? Wszyscy byliśmy martwi, stary. Zdaje mi się, że siano ci się zepsuło.
Dialog/Bastard3AllReady_5 @@ Nie chodzi o moje siano. Nie mów o moim sianie. Lubię moje siano takie, jakie jest.
Dialog/Bastard3AllReady_6 @@ Każdy generał musi wiedzieć, kto co robi. Kiedy poświęcić pionka.
Dialog/Bastard3AllReady_6a @@ Naszym poświęceniem było <color=#AB82FD>pobyć trochę martwymi, żeby ściągnąć Driftera</color> i sprowadzić nas wszystkich z powrotem – i tak właśnie jest teraz. Myślisz, że miałeś lepszy plan?
Dialog/Bastard3AllReady_7 @@ Nic z tego nie zrozumiałem, Sierżancie, ale powiedziałeś to z taką mocą, że niech mnie, kłócić się nie będę.
Dialog/Bastard3AllReady_8 @@ <color=#AB82FD>Wypuśćcie ich.</color>
Dialog/Bastard3LookLike_0 @@ Wiemy w ogóle, jak wygląda ta mała smarkula? Ma płetwę czy coś?
Dialog/Bastard3LookLike_1 @@ Modliłem się o to, ekstra mocno, bardzo pobożnie, i Jorge Crux powiedział mi, czego szukać.
Dialog/Bastard3LookLike_2 @@ Kto by pomyślał, że jesteś wierzący, Hop.
Dialog/Bastard3LookLike_3 @@ Od jakichś dwóch dni. Myślę, że przyda nam się każda pomoc.
Dialog/Bastard3PlanetStart_0a @@ Piękną mamy tu pogodę.
Dialog/Bastard3PlanetStart_0b @@ Zamknij jadaczkę i bierz się do roboty, blaszany sukinsynu.
Dialog/Bastard3PlanetStart_1 @@ Casino, Hop, Rosa, to wy? Widzę was na telematyce. Potrzebuję pomocy!
Dialog/Bastard3PlanetStart_2 @@ I nie zapominaj o mnie, panienko. Już jedziemy. Wio!
Dialog/Bastard3Recovered_1 @@ Wychodzi na to, że <color=#AB82FD>jednak potrzebowaliśmy ich wszystkich</color>.
Dialog/Bastard3Recovered_10 @@ Tak to jest, jak się słucha statku, który tak naprawdę nie gada… dobra, <color=#AB82FD>ładujmy te bękarty do kapsuły.</color>
Dialog/Bastard3Recovered_11 @@ Cóż, przyjaciele, może nie o to nadstawialiśmy karku, ale chyba musimy się zadowolić bogactwem Chaste'a zamiast miejsca w Ostoi.
Dialog/Bastard3Recovered_12 @@ I kto wie. Gwiezdne morze jest diablo szerokie. Może jest jeszcze jakaś droga, o której nie pomyśleliśmy – może...
Dialog/Bastard3Recovered_13 @@ Trzymajcie kapelusze!
Dialog/Bastard3Recovered_2 @@ Wszystkie bękarty co do jednego.
Dialog/Bastard3Recovered_2a @@ Znacie się? To twoja krewna, Fletch?
Dialog/Bastard3Recovered_3 @@ Niezupełnie – coś bliższego.
Dialog/Bastard3Recovered_4 @@ Co za różnica? Nareszcie. <color=#AB82FD>Ostoja.</color> Naprawdę istnieje?
Dialog/Bastard3Recovered_5 @@ Istnieje, a jakże. Ale mam wieści: <color=#AB82FD>nie wszyscy lecimy</color>. Tylko ta trójka.
Dialog/Bastard3Recovered_6 @@ Że co?
Dialog/Bastard3Recovered_7 @@ Mamy… co? <color=#AB82FD>Zostać tutaj?</color>
Dialog/Bastard3Recovered_8 @@ To po prostu nie miejsce dla nas. Drifter chyba wystrzeli kapsułę ratunkową przez Szew – największą dziurę, jaką zdoła zrobić – z tymi dzieciakami na pokładzie. Tam się nimi dobrze zaopiekują.
Dialog/Bastard3Recovered_8a @@ Nie chcą tam takich jak my. Zabójców, złodziei i tak dalej. Spalilibyśmy niebo samym dotykiem.
Dialog/Bastard3Recovered_8b @@ Cała ta walka i umieranie, cały ten czas w pace, tylko po to, żeby <color=#AB82FD>ratować bękarty Chaste'a?</color>
Dialog/Bastard3Recovered_8c @@ Wykiwali nas!
Dialog/Bastard3Recovered_8d @@ Zdaje się, że znam się trochę na lewych rozdaniach, a to mi wygląda właśnie na takie.
Dialog/Bastard3Recovered_9 @@ Możecie sobie gadać o kiwaniu i takich tam. Powinniście się cieszyć, że nie leżycie w ziemi. <color=#AB82FD>Drifter nigdy nie obiecywał wam więcej</color>. Mrzonki to wasza sprawa.
Dialog/Bastard3Sector_0 @@ No więc było tak. Ktoś znalazł jakieś zmutowane dzieciaki, trochę do mnie podobne. Chciałem je tylko porządnie wychować. Znaleźć im dom, gdzie nikt nie użyje ich przeciwko mnie.
Dialog/Bastard3Sector_0a @@ Wierzę mu. Może wystarczy nam tych dwoje, których już mamy.
Dialog/Bastard3Sector_1 @@ Zamknij się, Roswell. W tym sektorze widzę <color=#AB82FD>Hopalonga</color> i <color=#AB82FD>Billy'ego</color>, i… daj mi chwilę. To było tak dawno.
Dialog/Bastard3Sector_2 @@ To ci dwaj. Razem z <color=#AB82FD>Rosą</color> i <color=#AB82FD>Casino</color>.
Dialog/Bastard3Sector_3 @@ <color=#AB82FD>Te zaprzańce siedzą w pace</color>. I nie wyjdą, dopóki mam tu coś do powiedzenia.
Dialog/Bastard3Sector_4 @@ Przychylam się.
Dialog/Bastard3SomeReady_1 @@ Na tę planetę naprawdę potrzebowaliśmy <color=#AB82FD>Hopalonga</color> i <color=#AB82FD>Billy'ego</color>. Skoro nie są obaj zdrowi, <color=#AB82FD>naprawdę musimy odzyskać Rosę i Casino</color>.
Dialog/Bastard3SomeReady_2 @@ Zdrajców? Jak mamy im ufać?
Dialog/BeamDown_1 @@ Te światy Chaste'a tutaj są szczelnie ogrodzone – jak mamy zejść na dół?
Dialog/BeamDown_2 @@ Wir transmisyjny działa podczas przesyłu jak świder w nanoskali.
Dialog/BeamDown_3 @@ To coś jakby uderzenie pioruna.
Dialog/BeamDown_4 @@ Tyle że to my jesteśmy piorunem.
Dialog/BeansPickup_1 @@ Jak dwoje z naszej kompanii będzie miało jakiś problem, to niech usiądą na Drifterze nad tą <color=#AB82FD>fasolą, a zranione uczucia przejdą</color>.
Dialog/BillyAstronautArg_1 @@ Panie Roswell, czasem łapię nutkę pana... no, pana myśli i snów, i takich tam. Jakbyśmy byli jakoś spokrewnieni, pan i ja. Dawno temu.
Dialog/BillyAstronautArg_2 @@ Nie przypominaj mi.
Dialog/BillyGamblerArg_1 @@ Coś pan tam wolno wyciągał, panie Casino.
Dialog/BillyGamblerArg_2 @@ Doc. I wyciągam szybciej od ciebie. Możemy to sprawdzić tu i teraz – Drifter będzie sędzią, prawda, Drifter?
Dialog/BillyHelixPlanet_1 @@ Jedno mnie zastanawia: czemu niby myślicie, że wykopanie śmierdzących trupów waszej starej bandy wam pomoże, skoro ostatnim razem, jak na was polowaliśmy, wszyscy tak łatwo pomarliście.
Dialog/BillyHopalongArg_1 @@ Psiakrew, Hop! Jak ja się wymieniam, ty wskakujesz, taka umowa!
Dialog/BillyHopalongArg_2 @@ Jakoś zawsze wypada akurat wtedy, jak kładę nogi na stół.
Dialog/BillyInitArg_1 @@ Nie potrzebuję twojej pomocy ani twoich ślicznych rad.
Dialog/BillyInitArg_2 @@ Zwykle przedstawiam Ślubnej i Małej Lizie Jane tylko Karzycieli. Ale ty się sam prosisz, co?
Dialog/BillyIntro_1 @@ Dobrze się spisałem, prawda?
Dialog/BillyIntro_2 @@ O ile pamiętam, pochowałeś pięciu w tyle samo sekund.
Dialog/BillyIntro_3 @@ No, to tylko połowa tego, co Sędzia położył w Blue Ridge – prawda, proszę pana?
Dialog/BillyIntro_4 @@ W ramach wykonywania moich sędziowskich obowiązków.
Dialog/BillyIntro_5 @@ Ale to się wiąże z zabijaniem, nie?
Dialog/BillyIntro_6 @@ Szukasz pokazu, szczęściarzu?
Dialog/BillyIntro_7 @@ Ilu ich było, Sędzio?
Dialog/BillyIntro_8 @@ Nie rozmawiam o szczegółach.
Dialog/BillyIntro_9 @@ Czyli więcej niż dziesięciu!
Dialog/BillyJailPals_1 @@ Słyszeliście? Zamknęli mnie, ale się wyrwałem! A, już wiecie?
Dialog/BillyJudgeArg_1 @@ Starałem się dla ciebie, Sędzio. Nie mój dzień.
Dialog/BillyJudgeArg_2 @@ Zrób mi przysługę, kałamarnico. Miej gorsze dni, kiedy mnie nie ma w pobliżu.
Dialog/BillyMamaPanicArg_1 @@ Mam już dość, że przypisujesz sobie moje zabójstwa, panno Roso.
Dialog/BillyMamaPanicArg_2 @@ A ja mam dość dosłownie wszystkiego, co z tobą związane.
Dialog/BillyMistMinerArg_1 @@ Panie Bum, mówię panu i mówię – uważaj pan, gdzie rzucasz te rzeczy! Te czułki są strasznie delikatne!
Dialog/BillyMistMinerArg_2 @@ Nie jestem twoją niańką, chłopcze! Po prostu nie stój tam, gdzie lecą ładunki!
Dialog/BillyPals_1 @@ Rozproszyć się może każdemu, nie? Słyszałem, że Sędzia raz się rozproszył. Ale dzięki za znalezienie!
Dialog/BillyPreachArg_1 @@ Kaznodziejo... Esther... Czuję między nami potężną iskrę, kiedy nasze oczy się spotykają. Więc się zastanawiałem...
Dialog/BillyPreachArg_2 @@ Roswell i ja jesteśmy już sobie przyrzeczeni. To bardzo czyste uczucie i dlatego nigdy o nim nie rozmawiamy, nawet ze sobą.
Dialog/BillyRespArg_1 @@ No, ja cię od początku nie lubiłem.
Dialog/BillyRespArg_2 @@ Chcesz sprawdzić, jak szybko wyciągam, to tylko powiedz.
Dialog/BillySector_1 @@ Nasz dzieciak nie dał się łatwo, co? Chłopak jest wybitnie zawzięty, coś jak wadliwy pro-tagonista. Zeżre cię na surowo, jak grizzly.
Dialog/BillySector_2 @@ Jeśli zbieramy resztę bandy, to moim zdaniem zamiast kałamarnicy przydałby się ktoś z długą bronią...
Dialog/BillySector_2a @@ Jak ta stara szkapa <color=#AB82FD>Sierżant</color> albo nawet ta gromadka zwierzaków, która nazywa się <color=#AB82FD>Rawhide</color>.
Dialog/BillySector_3 @@ To nie my tu rozdajemy karty. Trzeba <color=#AB82FD>iść za Drifterem</color>.
Dialog/BillySmokyArg_1 @@ Smoky! Powiedziałem tylko: „Niech mnie, to najlepsza fasola, jaką jadłem!”
Dialog/BillySmokyArg_2 @@ CHODZI O TO, JAK TO POWIEDZIAŁEŚ
Dialog/CasinoInitArg_1 @@ Chciałem porozmawiać o współpracy z tobą, przyjacielu. Na przyszłość... darujmy sobie.
Dialog/CasinoInitArg_2 @@ Następnym razem jak zejdziemy na dół, nie schodźmy... jako „my”.
