Dialog/PostCredits_6 @@ Wsadź sobie tego „kolegę” w dupę, i to bokiem. I wyczyść spluwy.
Dialog/PostCredits_7 @@ Jeszcze nie skończyliśmy.
Dialog/PostReset_1 @@ Czuję się jak milion cramm.
Dialog/PostReset_2 @@ <color=#AB82FD>Warp zabrał nam cały cramm</color>. I jeszcze więcej!
Dialog/PostReset_3 @@ Ale <color=#AB82FD>asów nam nie zabierze</color>. Moim zdaniem to i tak tania usługa.
Dialog/PostRestart_1 @@ Jeszcze jedno rozdanie? Wchodzę.
Dialog/PreachGamblerArg_1 @@ Doc, zawsze strasznie ci spieszno zaglądać do naszej skrytki z cramm. Potrzebny nam, a jakże, ale to sprawy doczesne, a ty musisz celować wyżej.
Dialog/PreachGamblerArg_2 @@ Ty masz swoje doczesne sprawy, a ja swoje. Nie prawię ci kazań o twoich.
Dialog/PreachHelixPlanet_1 @@ Muszę wam podziękować, żeście wykopali tego zardzewiałego starego blaszaka, co się nazywa sędzią. Świetnie się bawiłem, zabijając go za pierwszym razem, a teraz mogę to zrobić jeszcze raz.
Dialog/PreachInitArg_1 @@ Jorge Crux każe nam znosić głupców z łagodnością. Ale ciebie to on nigdy nie spotkał.
Dialog/PreachInitArg_2 @@ Tam na dole miałam dość. Nie sądzę, żebyś się nadawał do tego życia. I nie będę czekać, aż przez ciebie nas pozabijają.
Dialog/PreachIntro_1 @@ Miałam taki piękny sen, kochani. Siedziałam po prawicy Najwyższego, Jorge Cruxa. Jego i tego śmiesznego krzyża, z którym się ciągle wszędzie włóczy.
Dialog/PreachIntro_2 @@ Jego krzyż, nawiasem mówiąc, przesyła pozdrowienia. Wam wszystkim, grzesznikom i tym, którym czegoś zabrakło. Czyli wszystkim, do cholery.
Dialog/PreachIntro_3 @@ Po tym, jak na mnie patrzycie, zaczynam myśleć, że to może nie był sen. Ale wróciłam. Mam nadzieję, że nikt z was nie czarował ani nie uprawiał żadnej nek-romancji.
Dialog/PreachIntro_4 @@ Zwykłe, zwyczajne zmartwychwstanie, proszę pani, pan Crux chyba sam coś o tym wie.
Dialog/PreachIntro_4a @@ Podziękuj Drifterowi. I mnie, jeśli chcesz. Ale nie dziękuj Casino, bo to dwulicowy wór gówna.
Dialog/PreachIntro_5 @@ Ha! Znasz mnie i Sędziego. Zawsze tylko żarty i śmichy.
Dialog/PreachIntro_6 @@ Myślałam, że już złożyłam swoje trudy... I… nie żebym nie cieszyła się, że was widzę, ale to już nie jest mój dom.
Dialog/PreachIntro_7 @@ No… do nieba cię nie zabierzemy, panienko, ale w pół drogi już tak. Ta łajba leci do <color=#AB82FD>Ostoi</color>.
Dialog/PreachIntro_8 @@ Do <color=#AB82FD>Ostoi</color>? Amen!
Dialog/PreachIntro_9 @@ A tak przy okazji, jedzenia to tam mają w bród, ale czego nie mają, to <color=#AB82FD>twojej fasoli!</color>
Dialog/PreachJailPals_1 @@ Panie, dziękujemy Ci, żeś wyzwolił mnie z więzienia. I za tego tu Twojego sługę też.
Dialog/PreachMamaPanicArg_1 @@ Powtórz to, Roso. Powtórz, co mi powiedziałaś na dole.
Dialog/PreachMamaPanicArg_2 @@ Zasugerowałam jedynie, że twoje „Pismo Święte” to rodzaj wirusa umysłowego. Czy to... niezrozumiałe?
Dialog/PreachMistMinerArg_1 @@ Czy ktoś jeszcze uważa, że na tej ostatniej planecie trochę śmierdziało skunksem?
Dialog/PreachMistMinerArg_2 @@ Taki już jestem, do cholery!
Dialog/PreachOut_1 @@ Bóg widzi, że się staram, ale nie mam siły iść dalej.
Dialog/PreachOut_2 @@ Kaznodziejo... Esther, potrzebujemy cię!
Dialog/PreachPals_1 @@ Pan prowadził twoje kroki ku mnie. Za to dziękujemy.
Dialog/PreachRespArg_1 @@ Panie Boże, to ten, o którym Ci wcześniej mówiłam. Ten tu sukinsyn.
Dialog/PreachRespArg_2 @@ Panie Crux, daj mi, do cholery, SIŁY.
Dialog/PreachSector_1 @@ W tym bezprawnym sektorze odeszła młoda panna Esther. Jest tu mnóstwo ludzi, których trzeba by zastrzelić.
Dialog/PreachSector_2 @@ Podobno dopadł ją jeżozwierz. A mówiłem jej. Mówię: „<color=#AB82FD>Kaznodziejo</color>, trzeba z nimi rozmawiać tak, a nie inaczej”.
Dialog/PreachSector_3 @@ To bystra dziewczyna, żaden cholerny jeżozwierz by jej nie położył.
Dialog/PreachSector_4 @@ <color=#AB82FD>Jeżozwierze są drażliwe</color>, znaczy. Może za bardzo się rozpędziła z tym gatlingiem, co go nosi.
Dialog/Princes_1 @@ Nie mogliście po prostu umrzeć jak normalne dziwadła, a teraz wdepnęliście w górę gówna. Mój tatko zrobił z tego tutaj, na pograniczu, rodzinny interes.
Dialog/Princes_2 @@ No, ja jestem groźny gość, ale moja siostra Francisco zabiła konia widelcem.
Dialog/Princes_2a @@ A o Barrabasie to nawet nie chcę gadać. Tatko mówi, że przeleciał diablicę i Barrabas po prostu z niej wypadł!
Dialog/Princes_3 @@ Nic nie wiem o tym całym McNeilu, ale… Francisco… to się zgadza. Z osobistego doświadczenia.
Dialog/Princes_4 @@ Nie wiem, co on zrobił tym dzieciakom, że są takie wredne. To nie po ojcowsku i nie w porządku.
Dialog/RawhideAstronautArg_1 @@ My się zastanawiamy, czy Ten Roswell nosi dziwaczny kombinezon, bo Ten Roswell jest obrzydliwy, z wieloma zapachami. Taka jest Nasza teoria.
Dialog/RawhideAstronautArg_2 @@ To było okropne. Ograniczmy na przyszłość nasze kontakty.
Dialog/RawhideBillyArg_1 @@ Gdy Ten Rawhide strzela z Tym Billym, Ten Billy potrzebuje wielu pomocy, żeby przeżyć. Także: Ten Billy jest młody i mały, jak niemowlę.
Dialog/RawhideBillyArg_2 @@ No, ja... ja wymyślę jakieś przykre, całkiem podłe słowa, żeby ci powiedzieć, i... dam ci znać, jak je sobie poukładam.
Dialog/RawhideGamblerArg_1 @@ Posłuchaj, synu. Czemu zawsze szczebioczesz i piszczysz, jak się zbliżam?
Dialog/RawhideGamblerArg_2 @@ Szczebioczemy, gdy Ten Casino jest blisko, bo My nie lubimy Tego Casino.
Dialog/RawhideHelixPlanet_1 @@ To nie fair, że wy, dziwadła, macie statek, który lata szybciej od mojego. Tatko mówi, że i tak nie zabierze was tam, gdzie chcecie, tylko tam, gdzie on chce.
Dialog/RawhideHopalongArg_1 @@ Nie lubimy, gdy Ten Hopalong narzuca swoją wolę Temu Zwierzakowi. Czujemy naturalną przyjazność do Tego Zwierzaka i przez to jesteśmy wrogiem Tego Hopalonga.
Dialog/RawhideHopalongArg_2 @@ No dobra. Brzmi, jakbyście wszystko sobie poukładali.
Dialog/RawhideInitArg_1 @@ Ten Rawhide nie cierpi wąchać twoich Zapachów i Brzydkich Smrodów.
Dialog/RawhideInitArg_2 @@ Potrzebujesz Wielu Pomocy, bo jesteś Cieniasny i Nieumiejętny.
Dialog/RawhideIntro_1 @@ Jesteśmy <color=#AB82FD>Rawhide</color>.
Dialog/RawhideIntro_2 @@ Wiemy, kim jesteście. Gotowi znów jeździć z Dzikimi Bękartami?
Dialog/RawhideIntro_3 @@ Jesteśmy gotowi.
Dialog/RawhideIntro_4 @@ Macie ochotę na fasolkę? Bo mam gorącą porcję...
Dialog/RawhideIntro_5 @@ Ten Rawhide nie lubi fasoli.
Dialog/RawhideIntro_6 @@ Jak usłyszycie syk czy coś, to tylko moje łzy parują, jak wypadną mi z oczu i dotkną mojej ognistej skóry.
Dialog/RawhideJailPals_1 @@ Byliśmy za kratami. Potem nie byliśmy.
Dialog/RawhideJudgeArg_1 @@ Na jednym z moich światów zaginął autołapacz, nigdy go nie znalazłem. Tego, co miał łapać, też nie.
Dialog/RawhideJudgeArg_1a @@ P-wiewiórek, takich ze świadomością roju. Nic o tym nie słyszałeś, co? „Rawhide”?
Dialog/RawhideJudgeArg_2 @@ Jesteśmy bardzo urażeni podtekstem Tego Sędziego i będziemy teraz unikać Tego Sędziego, bo Nasza uraza jest taka wielka.
Dialog/RawhideMamaPanicArg_1 @@ Nie lubimy drapieżnej istoty tak blisko nory.
Dialog/RawhideMamaPanicArg_2 @@ Nie mogłoby mnie to mniej obchodzić.
Dialog/RawhideMistMinerArg_1 @@ Rawhide, mam wrażenie, że zaczęliśmy od złej nogi. Albo od złego obłoczka oparów, czy jak tam. Zacznijmy od nowa. Jestem Kaboom, bo...
Dialog/RawhideMistMinerArg_2 @@ Nie obchodzi nas to.
Dialog/RawhideOut_1 @@ Lubimy tonik i potrzebujemy tonika.
Dialog/RawhideOut_2 @@ Bez was wszystkich będzie tam ciężko.
Dialog/RawhidePals_1 @@ Po rozproszeniu byliśmy sami. Potem nie byliśmy.
Dialog/RawhidePreachArg_1 @@ Doszliśmy do wniosku, że Ta Kaznodzieja używa swojej Magicznej Księgi głównie do zawstydzania innych, bo własne czujki ją przytłaczają.
Dialog/RawhidePreachArg_2 @@ No... ja też cię nie lubię.
Dialog/RawhideRespArg_1 @@ Nie lubimy Tego Cieniasnego, Nieumiejętnego Głupka.
Dialog/RawhideRespArg_2 @@ Masz Ten Zapach, a my nie lubimy Tego Zapachu.
Dialog/RawhideSargeArg_1 @@ Po tej misji osiągnęliśmy konsensus. Czcimy Tego Sierżanta i Ten Sierżant inspiruje nas do wielkich czynów.
Dialog/RawhideSargeArg_2 @@ No, ja uważam, że jesteś dziwnym dzieciakiem, i musisz się trzymać ode mnie hen daleko.
Dialog/RawhideSector_1 @@ Pan Rawhide to blaszak czy zwierzak? Trzeba było zapytać starego Hopa. Nigdy tego nie rozgryzłem.
Dialog/RawhideSector_2 @@ A ty jesteś kałamarnicą czy rewolwerowcem?
Dialog/RawhideSector_3 @@ Nie mogę być jednym i drugim?
Dialog/RawhideSector_4 @@ Nie mamy na to czasu. <color=#AB82FD>Roswella i Kaznodzieję</color> zaszli z flanki. Trzymają ich w <color=#AB82FD>kiciu</color> kawałek dalej.
Dialog/RawhideSector_5 @@ Myślisz, że dali tym dwojgu apartament dla nowożeńców?
Dialog/RawhideSmokyArg_1 @@ Mamy żal, że Ten Smoky nie używa świeżych upolowań, które Ten Rawhide przynosi Temu Smoky'emu.
Dialog/RawhideSmokyArg_2 @@ MAM WŁASNY PRZEPIS, DO CHOLERY!
Dialog/RawhideSpikeArg_1 @@ Ten Rawhide chciałby wiedzieć, czemu ciało Tego Spike'a buczy i śpiewa.
Dialog/RawhideSpikeArg_2 @@ To posłuchajmy bardzo uważnie tego buczenia i śpiewania. Słyszysz? O, jest: takie słodkie i ciche.
Dialog/RawhideSpikeArg_2a @@ Mówi: „Pilnuj swojego cholernego nosa, ty cholerna kupo skrzypiącej blachy”.
Dialog/RecoverCasino_1 @@ Psiakrew, znowu mnie <color=#AB82FD>rozproszyło</color>. Możesz <color=#AB82FD>do mnie przyjść</color>, panno Roso?
Dialog/RecoverCasino_2 @@ Nie mamy na to czasu, Casino.
Dialog/Reset_1 @@ Trochę mnie powgniatało. Muszę iść do konowała, zanim zrobię coś więcej.
Dialog/Reset_2 @@ Ja też cieknę. Wygląda na to, że utknęliśmy na dobre.
Dialog/Reset_3 @@ Chwila – <color=#AB82FD>Drifter chyba ma plan</color>. Zobaczmy, co wymyślił.
Dialog/Restart_1 @@ Wpadliśmy. A <color=#AB82FD>książęta</color> depczą nam po piętach – już stąd czuję tych sukinsynów.
Dialog/Restart_2 @@ Drifter zawsze ma jakiś pomysł. Trzymajcie się.
Dialog/ReturnShop_1 @@ Miło znów widzieć was, Dzikie Bękarty. Jako stali klienci macie prawo do <color=#AB82FD>premii za powtórzenie sektora</color>!
Dialog/ReturnShop_1a @@ Miło znów widzieć was, Dzikie Bękarty. Jako stali klienci macie prawo do <color=#AB82FD>premii za powtórzenie sektora</color>!
Dialog/RosaCasinoReturn_1 @@ Czemu zawdzięczamy tę piekielną przyjemność, Sierżancie?
Dialog/RosaCasinoReturn_2 @@ Robię to dla Fletch. Jesteśmy o krok od zwycięstwa. I nie jadę z wami, ale <color=#AB82FD>potrzebuję waszych cholernych spluw</color>.
Dialog/RosaCasinoReturn_3 @@ Powiedziałeś swoje, Sierżancie. To podłe typy, to prawda. Ufam im na tyle, na ile mogę ich rzucić, a Casino jest z metalu. Parę stóp, najwyżej.
Dialog/RosaCasinoReturn_4 @@ Ja jestem sporo lżejsza.
Dialog/RosaCasinoReturn_5 @@ Wziąłem to pod uwagę, panno Roso.
Dialog/RosaCasinoReturn_6 @@ Zawsze mogłam na ciebie liczyć, Hop.
Dialog/RosaCasinoReturn_7 @@ Mam nadzieję, że to działa w obie strony.
Dialog/RosaInitArg_1 @@ Bękart z ciebie, a jakże. Ale Dziki Bękart? To się okaże.
Dialog/RosaInitArg_2 @@ Po tym numerze, który tam wywinąłeś? Trzymałabym się z daleka, chyba że chcesz mieć klatkę piersiową pełną jaj.
Dialog/RosaRespArg_1 @@ I tak lepiej pracuję sama.
Dialog/RosaRespArg_2 @@ Na twoim miejscu byłabym bardziej strategiczna w doborze tonu. A kiedy mówię „ja”, mam na myśli „ty”.
Dialog/RoswellHelixPlanet_1 @@ Francisco mówi, że wszyscy uciekacie do tej waszej „Ostoi”.
Dialog/RoswellHelixPlanet_1a @@ Rozważcie zamiast tego coś innego: przestańcie uciekać i dołączcie do nas. Takie wynaturzenia jak wy da się znieść, jeśli idą w parze z talentem do zabijania.
Dialog/RoswellHelixPlanet_2 @@ Kto wie, może pewnego dnia dorośniecie nawet do poziomu moich potomków: Barrabasa, Francisco i tego trzeciego.
Dialog/RoswellInitArg_1 @@ Przeanalizowałem twoje statystyki bojowe z ostatniej akcji i cały komputer mi się spieprzył. Coś w stylu „dzielenia przez zero”.
Dialog/RoswellInitArg_2 @@ Hej – użyłem na tobie skanera idiotów i zwariował. Chyba się zepsuł, bo jesteś za głupi.
Dialog/RoswellIntro_1 @@ Przeprowadzam głęboki skan. Wyniki są… o, szybko przyszły.
Dialog/RoswellIntro_10 @@ Aha, czyli faszystowska owadzia autokracja. Czadowo.
Dialog/RoswellIntro_2 @@ Okazuje się, że wszyscy jesteście idiotami – dajecie się ciągać temu dwunożnemu owadowi i jej chodzącemu automatowi do gry.
Dialog/RoswellIntro_3 @@ Może z tym automatem po prostu wsadzimy cię z powrotem do dołu, z którego cię wykopaliśmy.
Dialog/RoswellIntro_4 @@ Moja analiza wskazuje też, że w dole było mi lepiej. Ale skoro już muszę tu zostać, oczywiste jest, że <color=#AB82FD>to ja powinienem dowodzić, a nie ty, Roso</color>.
Dialog/RoswellIntro_5 @@ No, Ros, odrobina wdzięczności dla tych, którzy nadstawiali skóry, czy tego, co kiedyś było skórą, by nie zaszkodziła.
Dialog/RoswellIntro_6 @@ Cóż, <color=#AB82FD>pan Roswell zawsze był urodzonym przywódcą</color> o władczym głosie. Wiem, że pod tą kopułą jest też bardzo przystojny.
Dialog/RoswellIntro_7 @@ Panno Esther, nie wiem, czy to zadowalający mechanizm ustalania władzy.
Dialog/RoswellIntro_8 @@ A może twoje stare kości pamięci trochę się przestawiły, „Doc”.
Dialog/RoswellIntro_9 @@ Orzekam remis – <color=#AB82FD>więc dowodzę ja</color>.
Dialog/RoswellNotRescued_1 @@ Aż boli, że zostawiamy tam starego Roswella i pannę Kaznodzieję.
Dialog/RoswellNotRescued_2 @@ O, te sukinsyny mają wszędzie cele. Sam paru widziałem od środka. Drifter znów ich znajdzie.
Dialog/RoswellPals_1 @@ Zaczynam się zastanawiać, czy jest jakiś powód, że to zawsze ja się rozpraszam. Dzięki, że ktoś zauważył.
Dialog/RoswellRejoin_1 @@ Przynajmniej poznaliśmy się lepiej, siedząc w tej celi. Zbudowaliśmy więź, z której może wyjść coś głębszego i romantycznego.
Dialog/RoswellRejoin_2 @@ Dosłownie cały czas spałem.
Dialog/RoswellRescuePlanetRepeat_1 @@ <color=#AB82FD>Te gołąbki są tu na dole</color>. Tak mówi ten ekranowy wihajster!
Dialog/RoswellRescuePlanet_1 @@ Mówiłem, że Drifter ich znajdzie. Patrzcie na ten ekranowy wihajster. <color=#AB82FD>Panna Esther i Ros są tam na dole!</color>
Dialog/RoswellRescue_1 @@ Tam są!
Dialog/RoswellRespArg_1 @@ Mam nadzieję, że to znaczy, że już nigdy nie będziemy rozmawiać...?
Dialog/RoswellRespArg_2 @@ Mogę zasymulować całą twoją osobowość na zegarku. Więc... możesz się już zamknąć na zawsze?
Dialog/RoswellRestart_1 @@ Nie jesteśmy Casino, a już na pewno nie cholerną Rosą. <color=#AB82FD>Nikogo nie zostawiamy.</color> Siedzimy w tym gównie, dopóki nie odzyskamy <color=#AB82FD>Roza i Kaznodziei</color>.
Dialog/RoswellSector_1 @@ No jasne, <color=#AB82FD>Roswell</color> musiał dać się zabić w jakiejś śmiercionośnej dziurze, gdzie nawet niebo próbuje nas zabić.
Dialog/RoswellSector_2 @@ O ile pamiętam, sam wlazł pod ten piorun.
Dialog/RoswellSector_3 @@ Trzeba było się ruszać. W tym jego akwarium nie ma miejsca na mózg.
Dialog/RoswellSector_4 @@ Kto ma tylko niemiłosierne opinie, niech lepiej milczy.
Dialog/RoughSector_1 @@ Chaste zamknął ten cały sektor ciaśniej niż kloakę dżawbaka. Widziałeś kiedyś dżawbaka?
Dialog/RoughSector_2 @@ Nie było okazji!
Dialog/RoughSector_3 @@ Kloakę mają baaardzo ciasną.
Dialog/SargeAstronautArg_1 @@ Mam trudność z ustaleniem, czego właściwie mogłeś być „sierżantem”.
Dialog/SargeAstronautArg_2 @@ Chodź no tu z tym swoim akwariowym tyłkiem, to ci pokażę.
Dialog/SargeBillyArg_1 @@ Jesteś blisko czegoś, synu. Ta twoja ręka do spluwy i moje szkolenie – doprowadzimy cię do celu.
Dialog/SargeBillyArg_2 @@ Już mam mentora, staruszku. Takiego, co nie śmierdzi jak stodoła z zadupia.
Dialog/SargeGamblerArg_1 @@ No, Sierżancie... Nie bardzo pamiętam, co takiego zrobiłem na dole, że tak cię to uwiera.
Dialog/SargeGamblerArg_2 @@ Dzisiaj? Chyba twoja cholerna brzydka blaszana gęba.
Dialog/SargeHelixPlanet_1 @@ Wiedziałem, że z was, Dzikich Bękartów, tchórze, jakich mało. Uciekacie jak kojoty. Ułatwi mi to sprawę, nie żebym potrzebował pomocy.
Dialog/SargeHopalongArg_1 @@ Myślałeś kiedyś, że może tak kochasz te zwierzaki, bo nikt inny nie chce z tobą przebywać?
