Dialog/SargeHopalongArg_2 @@ Na odwrót, Sierżancie. Trzymam te zwierzaki przy sobie, żeby takie nicponie jak ty trzymały się z daleka. Chyba działa.
Dialog/SargeInitArg_1 @@ Widziałem, jak dobrych ludzi, albo konie, albo i ludzi-konie, wieszano za mniej, niż ty zrobiłeś.
Dialog/SargeInitArg_2 @@ Najzieleńszy cholerny rekrut zrobiłby to lepiej niż ty tam na dole.
Dialog/SargeIntro_1 @@ Nie musisz salutować, Spike. W twoim wykonaniu to wygląda jak żart. Zawsze tak wyglądało.
Dialog/SargeIntro_10 @@ No, to się zgadza.
Dialog/SargeIntro_2 @@ Stary nawyk, stary. To przez tę dostojną prezencję, którą roztaczasz, Sierżancie.
Dialog/SargeIntro_3 @@ Na co wam stary, martwy koń bojowy?
Dialog/SargeIntro_4 @@ Nasz kumpel Drifter chyba postanowił ratować nas, bękartów. <color=#AB82FD>Zabrać nas do Ostoi</color> i dać nam wszystkim odpocząć.
Dialog/SargeIntro_5 @@ Nie licząc tych dwóch zdrajców, których mamy <color=#AB82FD>zamkniętych w pace</color>. Pocałują gwiazdy, jak się za nich weźmiemy.
Dialog/SargeIntro_6 @@ Jaki zarzut?
Dialog/SargeIntro_7 @@ Że nas wszystkich wystawili, żeby się zabrać Drifterem na gapę?
Dialog/SargeIntro_8 @@ I wiesz to na pewno? Masz nagrania? Wideo? Audio?
Dialog/SargeIntro_9 @@ Znasz ich. Dwa parszywe wieprze w jeszcze gorszym chlewie.
Dialog/SargeJailPals_1 @@ Nie z tych, co narzekają na siedzenie w pace. Ale pod kluczem nie mogę pełnić służby.
Dialog/SargeJudgeArg_1 @@ Sierżancie.
Dialog/SargeJudgeArg_2 @@ Sędzio.
Dialog/SargeMamaPanicArg_1 @@ Mówiłam, że jesteś bezużyteczny, ale się myliłam. Mogłabym złożyć w twoim tułowiu piętnaście tysięcy jaj.
Dialog/SargeMamaPanicArg_2 @@ Kiedy tylko uznasz, że jesteś dość duża, „Pajęcza Roso”.
Dialog/SargeMistMinerArg_1 @@ Mam dość obrywania w tych twoich „bum”, przyjacielu.
Dialog/SargeMistMinerArg_2 @@ To uciekaj przed nimi! Jesteś cholernym KONIEM!
Dialog/SargePals_1 @@ Rozproszenie to nic przyjemnego, ale pomaga ustalić, komu można ufać. Teraz wiem, że tobie można.
Dialog/SargePreachArg_1 @@ Następnym razem, jak będziemy na dole? Nie potrzebuję twojego pomocnego szczekania, kiedy próbuję kogoś zabić. Omal przez ciebie nie zginąłem.
Dialog/SargePreachArg_2 @@ Jak będziesz tak gadał, to przeze mnie możesz zginąć.
Dialog/SargeRespArg_1 @@ Na twoim miejscu przyhamowałbym z tym tonem.
Dialog/SargeRespArg_2 @@ Wiem, gdzie śpisz, przyjacielu.
Dialog/SargeSector_1 @@ Co zrobimy z tymi <color=#AB82FD>dwoma zdrajcami w pace</color>?
Dialog/SargeSector_2 @@ Ciągnąć ich za statkiem. Niech płyną przez gwiezdne morze. Albo rzucić ich Chaste'owi pod drzwi, mnie tam wszystko jedno.
Dialog/SargeSector_3 @@ Ale dalej <color=#AB82FD>odzyskujemy resztę bandy</color>?
Dialog/SargeSector_4 @@ Masz coś lepszego do roboty? Myślę, że to najmniej, co możemy zrobić, skoro teraz są martwi.
Dialog/SargeSector_5 @@ Wstrzymajcie konie! Czy to <color=#AB82FD>pan Bum</color> na bańce?
Dialog/SargeSector_6 @@ Stary głupek daleko nie zaszedł, co? Chyba trzeba zajechać i zgarnąć go po drodze. Jakbyśmy mieli mało roboty.
Dialog/SargeSmokyArg_1 @@ Smoky, powiem ci. Nigdy nie jadłem tak sycącego posiłku! No, poza kuchnią mamy. Świeć Panie nad jej duszą.
Dialog/SargeSmokyArg_2 @@ TO CZEMU NIE WYKOPIESZ SWOJEJ STAREJ MAMUSI, TY NIEWDZIĘCZNY SKURWYSYNU
Dialog/SargeSpikeArg_1 @@ Nie potrzebuję, żebyś liczył zabójstwa i robił przedstawienie, kiedy pracujemy na dole. Mam być pod wrażeniem?
Dialog/SargeSpikeArg_2 @@ Powinieneś, synu, ale nie jesteś. I to nie świadczy o tobie dobrze.
Dialog/ShardsPickup_1 @@ Te <color=#AB82FD>asy</color> rozdzielimy <color=#AB82FD>na Drifterze</color>.
Dialog/ShopArrive_1 @@ Niech cię Bóg błogosławi, Drifter. Przywiózł nas do jednej z tych kryjówek ruchu oporu, <color=#AB82FD>Dziury w Murze</color>!
Dialog/ShopArrive_2 @@ Szkoda, że <color=#AB82FD>nasz cramm nie przetrwa warpu</color>. Moglibyśmy z nimi pohandlować, zdobyć zapasy.
Dialog/ShopArrive_3 @@ Ci ludzie mają cramm w dupie. Obchodzi ich tylko <color=#AB82FD>niesława</color>. Innymi słowy, ilu Karzycieli położyliście do piachu. Na szczęście to coś w rodzaju naszej specjalności.
Dialog/SmokyAstronautArg_1 @@ Och, nie „zjadłem” tej fasoli, którą mi przygotowałeś na planecie. Anihilowałem ją, a potem metabolicznie przeanalizowałem jej ładunek chemiczny i wziąłem, czego potrzebuję.
Dialog/SmokyAstronautArg_2 @@ JAK DLA MNIE TO NIE ZJADŁEŚ TEJ FASOLI, ROZ
Dialog/SmokyGamblerArg_1 @@ Powiedziałem tylko na planecie, że, no wiesz, może ta ostatnia porcja fasoli nie była tak dobra jak poprzednia!
Dialog/SmokyGamblerArg_2 @@ TY CHOLERNY SKURWY
Dialog/SmokyHelix_1 @@ No, mamy tę cenną <color=#AB82FD>helisę</color>. I co teraz?
Dialog/SmokyHelix_2 @@ Chyba wsadzić ją do tamtej trumny?
Dialog/SmokyHopalongArg_1 @@ Smoky, tym razem przeszedłeś samego siebie. Jesteś czarodziejem, na swój sposób – mistrzem kociołka.
Dialog/SmokyHopalongArg_1a @@ Ale na planecie zjadłem już trzy miski! Na samą myśl o podniesieniu łyżki do ust po jeszcze jeden kęs...
Dialog/SmokyHopalongArg_2 @@ AHA, TAK TO WYGLĄDA
Dialog/SmokyInitArg_1 @@ NIE JEŻDŻĘ Z NIKIM, KTO SIĘ MĄDRZY O MOJEJ CHOLERNEJ FASOLI.
Dialog/SmokyInitArg_2 @@ WYGLĄDA NA TO, ŻE NIE CHCECIE JUŻ FASOLI.
Dialog/SmokyIntro_1 @@ Do cholery, znowu pora gotować żarcie?
Dialog/SmokyIntro_2 @@ Owszem, Smoky – obawiam się, że straciliśmy cię na jakiś czas.
Dialog/SmokyIntro_3 @@ Straciliście… znaczy, rozproszyłem się?
Dialog/SmokyIntro_4 @@ „Rozproszyłeś się” jak prochy na wietrze.
Dialog/SmokyIntro_5 @@ Ostatnie, co pamiętam, to jak leżałem bez ruchu. I ten śpiew! Samotnie nie było. Jeśli tak wygląda umieranie, to poproszę dokładkę.
Dialog/SmokyIntro_6 @@ Nie bardzo rozumiem, jak to się stało. Ale dobrze cię mieć z powrotem, Smoky. I nie mówi tego tylko mój brzuch.
Dialog/SmokyIntro_9 @@ Dość gadania. Ruszajmy, <color=#AB82FD>lecimy do Ostoi</color>, a najmłodszy, najgłupszy bachor Chaste'a depcze nam po piętach.
Dialog/SmokyJailPals_1 @@ To, co mówią o więziennym żarciu, to nieprawda. Okazuje się, że jest jeszcze gorzej.
Dialog/SmokyJudgeArg_1 @@ Wiesz, Smoky, ta fasola, którą ugotowałeś na dole, przypomina mi całą michę, którą jadłem kiedyś w okolicach Pentady.
Dialog/SmokyJudgeArg_2 @@ Na jednym ze światów Redward mieli kucharza, nie wiem, czy to przez te papryczki, co je uprawiali, czy co... ale zjadłem chyba z pięć.
Dialog/SmokyJudgeArg_3 @@ NIE CHCĘ SŁYSZEĆ NA TYM STATKU O NICZYJEJ INNEJ FASOLI, TAK MI DOPOMÓŻ
Dialog/SmokyMamaPanicArg_1 @@ Ta uwaga, którą zrobiliśmy, gdy jeździliśmy razem – zasugerowałam jedynie, że „dieta oparta wyłącznie na fasoli” ma braki odżywcze.
Dialog/SmokyMamaPanicArg_2 @@ NO TO TERAZ SIĘ DOIGRAŁAŚ
Dialog/SmokyMistMinerArg_1 @@ Nie gniewaj się, Smoky! To nie tak, że nie smakowała mi fasola, którą mi tam ugotowałeś, tylko że ja właściwie nie mam ust! Ani do jedzenia, ani do gadania!
Dialog/SmokyMistMinerArg_2 @@ TO ŻADNA WYMÓWKA
Dialog/SmokyOut_1 @@ Chyba trochę odpocznę, może nadrobię przygotowanie posiłków. Mówiłem wam, że potrzebuję jakiegoś pomocnika kucharza.
Dialog/SmokyOut_2 @@ Nie wyobrażam sobie, żeby nam się udało bez ciebie.
Dialog/SmokyPals_1 @@ Odkładam dla ciebie specjalny talerz fasoli, przyjacielu. Dostaje go każdy, kto mi pomoże, jak się rozproszę.
Dialog/SmokyPlanet_1 @@ Chyba nie pozostaje nam nic innego, jak zejść na dół i <color=#AB82FD>znaleźć helisę starego Smoky'ego</color>. Tego chyba chce Drifter.
Dialog/SmokyPreachArg_1 @@ Uwielbiałam twoją obozową kuchnię, panie Smoky. Tylko że fasola zawsze wydawała mi się raczej... no, takim dodatkiem...
Dialog/SmokyPreachArg_2 @@ NO I ZNOWU SIĘ ZACZYNA.
Dialog/SmokyRespArg_1 @@ TO SOBIE SAM GOTUJ, DO CHOLERY.
Dialog/SmokyRespArg_2 @@ MAM NADZIEJĘ, ŻE TACY JAK TY NIE GŁODNIEJĄ.
Dialog/SmokySector_1 @@ To <color=#AB82FD>nie wygląda na drogę do Ostoi</color>. Przynajmniej nie na żadną, o której słyszałem.
Dialog/SmokySector_2 @@ Bańka pokazuje, że wyszliśmy w… czym, w <color=#AB82FD>sektorze Szadrak</color>?
Dialog/SmokySector_3 @@ Szadrak? Czy to nie tu <color=#AB82FD>Smoky powiesił buty na kołku</color>?
Dialog/SmokySector_4 @@ Tu mu ktoś je powiesił. A <color=#AB82FD>jego helisa wciąż tu jest</color>. Drifter ją namierzył, sygnał jest silny.
Dialog/SmokySector_5 @@ Ale Smoky kopnął w kalendarz rok temu. Coś bardzo pikantnego jest w tych nowych światach na pograniczu.
Dialog/SmokySector_6 @@ A napęd warp jest zablokowany. Nigdzie indziej nie polecimy, póki nie zdobędziemy tego, czego chce Drifter, co?
Dialog/SpikeAstronautArg_1 @@ Uzależnienie od bimbru bywa poważne, wyniszczające. Rozważałeś, żeby po prostu... no wiesz. Nie pić bimbru?
Dialog/SpikeAstronautArg_2 @@ Nie przypominam sobie, żebym pytał o twoją świętą mądrość w tej sprawie.
Dialog/SpikeBillyArg_1 @@ Nie wiem, czemu wiecznie musisz naskakiwać na człowieka z tymi złośliwymi przytykami i nieżyczliwymi twierdzeniami co do mojej sprawności w alkowie.
Dialog/SpikeBillyArg_2 @@ Po prostu próbuję kończyć te rozmowy jak najszybciej.
Dialog/SpikeGamblerArg_1 @@ Słyszałem, że twojego tatka nie było przy tym, jak dorastałeś... Aż się zastanawiam, co z niego masz w sobie.
Dialog/SpikeGamblerArg_2 @@ To, co cię przeżyje, staruszku.
Dialog/SpikeHelixPlanet_1 @@ O kurwa, ale będzie zabawa.
Dialog/SpikeHopalongArg_1 @@ To, że jesteś wrednym, głupim, groźnym i bezmyślnym dzieciakiem, nie znaczy, że musimy się bić za każdym razem, jak schodzimy na dół.
Dialog/SpikeHopalongArg_2 @@ O, no jak tak to ujmujesz...
Dialog/SpikeInitArg_1 @@ Zaczynam się zastanawiać, czy Rosa i Casino w ogóle musieli nas wystawiać, skoro jesteś taki nieudolny z natury.
Dialog/SpikeInitArg_2 @@ Widziałem kiedyś klauna, wyglądał jak ty. Na pewno nie nosiłeś peruki zawodowo?
Dialog/SpikeIntro_1 @@ Och, czyż to nie śliczny obrazek? Staruszek Kaboom, przyzwoita panna Kaznodzieja i mały Billy kałamarnica przy ognisku.
Dialog/SpikeIntro_10 @@ Zwierzaki to może i bestie, ale na swoich się nie rzucają. Może jednak <color=#AB82FD>czas, żebym znalazł tę farmę</color>.
Dialog/SpikeIntro_11 @@ Myślę, że <color=#AB82FD>ja też dam sobie radę sam.</color> Mam nosa do cramm. No, nie nosa jako takiego. Ale mnóstwo ludzi chętnie zapłaci najlepszemu górnikowi w tym ramieniu. Drifter, jeśli możesz…
Dialog/SpikeIntro_12 @@ Przeprowadziłem szybką symulację, kiedy wydawaliście te wszystkie dźwięki ustami. Wynika z niej, że <color=#AB82FD>wrzucenie tych dwóch palantów do paki</color> to optymalny scenariusz.
Dialog/SpikeIntro_13 @@ Myślę, że wszyscy się na to piszemy. I nie myślcie, że wyciągniecie broń szybciej ode mnie, zdrajcy.
Dialog/SpikeIntro_14 @@ Przyjaciele, to nie w porządku. Liczę, że już niedługo wszyscy przejrzycie na oczy. To druga szansa. Mamy okazję, żeby…
Dialog/SpikeIntro_15 @@ Teraz pan będzie nas prowadził, panie Ros? Szacunek pan ma. I tę błyszczącą spluwę.
Dialog/SpikeIntro_16 @@ Nie chcecie widzieć wyników tej symulacji. Jest w nich dużo ognia. <color=#AB82FD>Czas poszukać towarzyszy o wyższym średnim IQ.</color>
Dialog/SpikeIntro_17 @@ Towarzystwo się przyda, Roswell?
Dialog/SpikeIntro_18 @@ <color=#AB82FD>Możesz mi towarzyszyć.</color> Ale nie doszukuj się w tym niczego.
Dialog/SpikeIntro_19 @@ Co, wy przyczepki nie słyszeliście nowin? <color=#AB82FD>Cała banda to kłamstwo.</color> Ze zdradą na przystawkę.
Dialog/SpikeIntro_2 @@ A tymczasem u szczytu stołu pajęczyca snuje swoje sieci, no nie, a krupier liczy dukaty: <color=#AB82FD>dwóch Judaszów wpisało nas wszystkich do księgi zmarłych</color>.
Dialog/SpikeIntro_20 @@ Uznałem, że moja... moja broń może wam się jeszcze przydać.
Dialog/SpikeIntro_21 @@ Ja tylko… ja tylko chcę kogoś nakarmić.
Dialog/SpikeIntro_3 @@ Na moją listę kartek na Gwiazdkę Cruxa nie trafili. Ale lepiej, żebyś miał czym poprzeć tych Judaszów.
Dialog/SpikeIntro_4 @@ <color=#AB82FD>Zauważyliście, że oni nie umarli, a cała reszta tak?</color> A to, że odjechali i zostawili mnie samego, żeby Francisco mnie zaszlachtowała?
Dialog/SpikeIntro_5 @@ Wstrzymaj konie. <color=#AB82FD>Jaki mieliby motyw</color>, żeby wystawić własną bandę?
Dialog/SpikeIntro_6 @@ Wszystko muszę wam, matołom, tłumaczyć? Słyszeliście kiedyś powiedzenie „w wysłuchanej modlitwie Drifter jest przy bitwie”?
Dialog/SpikeIntro_6a @@ Kiedy Chaste nas zaganiał, ci dwoje uknuli plan: wykorzystać nasze śmiertelne niebezpieczeństwo jako sygnał, żeby samemu się zabrać do Ostoi.
Dialog/SpikeIntro_7 @@ No i dobrze to wymyślili, tylko że Chaste i jego smarkacze musieli przedtem przejść po jedenaściorgu z nas. I oni też by swoje dostali, gdyby Drifter nie był statkiem słownym.
Dialog/SpikeIntro_7a @@ Mówisz, że <color=#AB82FD>panna Rosa i Doc… wpakowali bandę w kłopoty tylko po to, żeby Drifter zwrócił na nich uwagę?</color>
Dialog/SpikeIntro_8 @@ Czy możemy się bronić przed tym oszczerstwem?
Dialog/SpikeIntro_8a @@ Nie wiem, Roso. Może od tego zabicia coś mi się porobiło ze słuchem.
Dialog/SpikeIntro_9 @@ Możecie to zrobić, jak wyjdę. Dość się nasłuchałem. <color=#AB82FD>Wysadź mnie na pierwszej kuli błota, Drifter.</color>
Dialog/SpikeJailPals_1 @@ Nie przepadam za kiciem. Nie wyglądało też, żeby kicie przepadało za Spikiem.
Dialog/SpikeJudgeArg_1 @@ Wiesz, że już nie jesteś Prawem, nie? Nie jesteś lepszy od reszty z nas.
Dialog/SpikeJudgeArg_2 @@ Ale jestem lepszy od ciebie. Musi mi to wystarczyć.
Dialog/SpikeMamaPanicArg_1 @@ Widać wyraźnie, że potrzebujesz dyscypliny. Na kilku odrębnych osiach.
Dialog/SpikeMamaPanicArg_2 @@ Już mam mamę, Robaczyco. I dzięki Jorge Cruxowi nie jest ani trochę podobna do ciebie.
Dialog/SpikeMistMinerArg_1 @@ Spike, wiem, że z ciebie złożona postać przez tych twoich rodziców. Widziałem, jak się tam gryziesz. Więc jakbyś kiedyś potrzebował życzliwego ucha...
Dialog/SpikeMistMinerArg_2 @@ Nie potrzebuję.
Dialog/SpikePals_1 @@ Porządnie się spisaliście, że mnie tam znaleźliście, stary. Nie zapomnę tego.
Dialog/SpikePreachArg_1 @@ Chyba trochę o tobie wiem. I chyba wiesz coś o tym, jak to jest mieć tatka, który może nie zawsze...
Dialog/SpikePreachArg_2 @@ Ani słowa więcej, do cholery.
Dialog/SpikeRespArg_1 @@ Kapuję, stary. Mogę się z tego nie pozbierać. Albo ty się nie pozbierasz.
Dialog/SpikeRespArg_2 @@ Doprawdy. No to moje diamentowe oczy płaczą kryształowymi łzami.
Dialog/SpikeSector_1 @@ Hej, Doc, nie ciągnij jeszcze za dźwignię warpu. <color=#AB82FD>Nie wykopaliśmy jeszcze Spike'a!</color>
Dialog/SpikeSector_2 @@ Dzięki, że pomagasz takiemu staremu imbrykowi jak ja, Bum. Mówią, że te efektory po czasie już nie są takie efektywne.
Dialog/SpikeSector_3 @@ Ale skoro o tym mowa… chyba bez niego idzie nam całkiem nieźle. Takie tam trzy grosze od starego zegara szafkowego jak ja.
Dialog/SpikeSector_4 @@ Zgadzam się.
Dialog/SpikeSector_5 @@ No jasne, że się zgadzasz. Z Dokiem jesteście jak dwa złodzieje. I mówi to złodziej, żeby nie było.
Dialog/SpikeSector_6 @@ Drifter zawsze miał do nich słabość. Więc <color=#AB82FD>wykopujemy go</color>.
Dialog/SpikeSmokyArg_1 @@ Pozwól, że ci nałożę, młody. Gwarantuję, że te pożywne cudeńka wywołają uśmiech na tej twojej skwaszonej gębie.
Dialog/SpikeSmokyArg_2 @@ Eh, jadałem lepsze.
Dialog/Swapping_1 @@ Nasz <color=#AB82FD>promień przebicia</color> nie ma dość przepustowości na chłopa – wybacz, panno Roso, nie moje słowo – żebyśmy oboje bili się z tymi chłopakami bez przerwy, nie przy tych nowych <color=#AB82FD>ogrodzeniach</color> Chaste'a.
Dialog/Swapping_2 @@ To będziemy się <color=#AB82FD>zmieniać</color>.
